key,place,state,latitude,longitude
IN/670014,Chalad,Kerala,12.05,75.2667
IN/670102,Temple Gate,Kerala,12.05,75.35
IN/670106,Dharmadom,Kerala,12.05,75.35
IN/670109,Vadakkumbad Edso,Kerala,12.05,75.35
IN/670141,Taliparamba,Kerala,12.05,75.35
IN/670301,Othayammadam B.O,Kerala,12.05,75.1833
IN/670304,Madayi,Kerala,12.05,75.1833
IN/670306,Olayambadi B.O,Kerala,12.05,75.1833
IN/670307,Chalakkod B.O,Kerala,12.05,75.1833
IN/670308,Ramantali,Kerala,12.05,75.1833
IN/670327,Edat,Kerala,12.05,75.1833
IN/670330,Vadakkumbad-Ramanthali,Kerala,12.05,75.1833
IN/670501,Kadannapally B.O,Kerala,12.05,75.2667
IN/670511,Edavaramba B.O,Kerala,12.05,75.2667
IN/670563,Nanicheri B.O,Kerala,12.05,75.2667
IN/670571,Udayagiri B.O,Kerala,12.05,75.2667
IN/670581,Thadikadavu B.O,Kerala,12.05,75.2667
IN/670582,Naduvil,Kerala,12.05,75.2667
IN/670591,Eachur,Kerala,12.05,75.2667
IN/670595,Edayannur,Kerala,12.05,75.2667
IN/670614,Iriveri Edso,Kerala,12.05,75.2667
IN/670621,Kadachira,Kerala,12.05,75.2667
IN/670622,Bavode B.O.,Kerala,12.05,75.2667
IN/670631,Malapattam B.O,Kerala,12.05,75.2667
IN/670633,Chandanakampara B.O,Kerala,12.05,75.2667
IN/670643,Pachapoika B.O,Kerala,12.05,75.2667
IN/670644,Tavinhal B.O,Kerala,12.05,75.2667
IN/670645,Edavaka B.O,Kerala,12.05,75.2667
IN/670646,Bavali B.O,Kerala,12.05,75.2667
IN/670649,Ummanchira,Kerala,12.05,75.2667
IN/670650,Alacherry B.O,Kerala,12.05,75.2667
IN/670663,Kadambur Ward Ii B.O,Kerala,12.05,75.2667
IN/670674,Adakkathodu B.O,Kerala,12.05,75.2667
IN/670676,Kadavathur,Kerala,12.05,75.2667
IN/670694,Champad,Kerala,12.05,75.2667
IN/670702,Uliyil B.O,Kerala,12.05,75.2667
IN/670703,Padiyur Cannanore B.O,Kerala,12.05,75.2667
IN/670704,Edapuzha B.O,Kerala,12.05,75.2667
IN/670705,Ulikkal,Kerala,12.05,75.2667
IN/670706,Ramdaakadavu B.O,Kerala,12.05,75.2667
IN/670721,Nadavayal B.O,Kerala,12.05,75.2667
IN/670731,Makkaid B.O,Kerala,12.05,75.2667
IN/671121,Adakathbail B.O,Kerala,12.5417,74.975
IN/671122,Talangara,Kerala,12.5417,74.975
IN/671123,Alampadi B.O,Kerala,12.5417,74.975
IN/671124,Badradka B.O,Kerala,12.5417,74.975
IN/671125,Ramdas Nagar,Kerala,12.5417,74.975
IN/671312,Padne,Kerala,12.4,75.05
IN/671314,Thaikadapuram B.O,Kerala,12.4,75.05
IN/671316,Pakkom B.O,Kerala,12.4,75.05
IN/671317,Chandragiri Edso,Kerala,12.4,75.05
IN/671318,Bekal,Kerala,12.4,75.05
IN/671319,Udma,Kerala,12.4,75.05
IN/671320,Chamnad,Kerala,12.6833,74.9
IN/671321,Shiriya B.O,Kerala,12.6833,74.9
IN/671322,Uppala,Kerala,12.6833,74.9
IN/671323,Kadambar B.O,Kerala,12.6833,74.9
IN/671324,Heroor B.O,Kerala,12.6833,74.9
IN/671328,Padnnakkad Edso,Kerala,12.6833,74.9
IN/671345,Padne Kadapuram Edso,Kerala,12.5417,74.975
IN/671348,Paivalike,Kerala,12.5417,74.975
IN/671349,Udinur,Kerala,12.5417,74.975
IN/671350,Udumbanthala,Kerala,12.5417,74.975
IN/671351,Achanthuruthy B.O,Kerala,12.5417,74.975
IN/671357,Edachakai B.O,Kerala,12.5417,74.975
IN/671531,Ajanur B.O,Kerala,12.5417,74.975
IN/671532,Rajapuram,Kerala,12.5417,74.975
IN/671533,Darkas B.O,Kerala,12.5417,74.975
IN/671541,Bedadka B.O,Kerala,12.5417,74.975
IN/671542,Iriyanni B.O,Kerala,12.5417,74.975
IN/671543,Adur B.O,Kerala,12.5417,74.975
IN/671552,Padre B.O,Kerala,12.5417,74.975
IN/673001,Calicut,Kerala,11.25,75.7667
IN/673002,Chalapuram,Kerala,11.25,75.7667
IN/673005,West Hill Chungam B.O,Kerala,11.25,75.7667
IN/673008,Calicut Medical College,Kerala,11.25,75.7667
IN/673009,Malaparamba,Kerala,11.25,75.7667
IN/673011,Nadakavu,Kerala,11.1833,75.8167
IN/673014,Guruvayurappan College,Kerala,11.1833,75.8167
IN/673015,Beypore,Kerala,11.1833,75.8167
IN/673016,Govindapuram B.O Kuthiravattom,Kerala,11.1833,75.8167
IN/673018,Calicut Art & Science College,Kerala,11.1833,75.8167
IN/673020,Calicut Civil Station,Kerala,11.2167,75.7917
IN/673025,Olavanna,Kerala,11.2167,75.7917
IN/673027,Nallalam,Kerala,11.2167,75.7917
IN/673032,Calicut Beach,Kerala,11.2167,75.7917
IN/673101,Vadakara,Kerala,11.4354,75.725
IN/673102,Rayarangoth B.O,Kerala,11.4354,75.725
IN/673103,Vadakara Beach,Kerala,11.4354,75.725
IN/673104,Sidha Smaj B.O,Kerala,11.4354,75.725
IN/673112,Nadakkuthala Edso,Kerala,11.4354,75.725
IN/673121,Madakkunnu B.O,Kerala,11.4354,75.725
IN/673301,Chaliyam,Kerala,11.15,75.8167
IN/673302,Kadalundi,Kerala,11.15,75.8167
IN/673305,Quilandy,Kerala,11.15,75.8167
IN/673308,Onchiyam B.O,Kerala,11.15,75.8167
IN/673310,Mahe,Kerala,11.7,75.5333
IN/673313,Olavilam,Kerala,11.7,75.5333
IN/673314,Kadalundi Nagaram,Kerala,11.7,75.5333
IN/673317,Talakadathur,Kerala,11.7,75.5333
IN/673320,Naluthara,Kerala,11.425,75.675
IN/673323,Ulliyeri Edso,Kerala,11.425,75.675
IN/673326,Naderi,Kerala,11.425,75.675
IN/673330,Naduvathur,Kerala,11.425,75.675
IN/673501,Orkatteri,Kerala,11.7,75.6667
IN/673502,Kachcheri B.O,Kerala,11.7,75.6667
IN/673504,Nadapuram,Kerala,11.7,75.6667
IN/673506,Indira Nagar B.O,Kerala,11.7,75.6667
IN/673507,Padiripeetta B.O,Kerala,11.7,75.6667
IN/673508,Adukkath B.O,Kerala,11.7,75.6667
IN/673513,Akkal B.O,Kerala,11.6333,75.6333
IN/673514,Iringannur Edso,Kerala,11.6333,75.6333
IN/673517,Abhayagiri B.O,Kerala,11.6333,75.6333
IN/673521,Iringal,Kerala,11.5667,75.6
IN/673523,Iringath B.O,Kerala,11.5667,75.6
IN/673525,Edavarad B.O,Kerala,11.5667,75.6
IN/673526,Chakkittapara B.O,Kerala,11.5667,75.6
IN/673571,Padanilam B.O,Kerala,11.6333,75.6333
IN/673572,Omasseri B.O,Kerala,11.6333,75.6333
IN/673573,Santhinagar B.O,Kerala,11.6333,75.6333
IN/673574,Unnikulam,Kerala,11.6333,75.6333
IN/673575,Padinjarethara B.O,Kerala,11.6333,75.6333
IN/673576,Lakkidi B.O,Kerala,11.6333,75.6333
IN/673579,Seethamount - Pulpali,Kerala,11.6333,75.6333
IN/673581,Kadalmat B.O,Kerala,11.6333,75.6333
IN/673583,Madavur Edso,Kerala,11.6333,75.6333
IN/673586,Adivaram Puthupadi B.O,Kerala,11.6333,75.6333
IN/673591,Nalketty B.O,Kerala,11.6333,75.6333
IN/673592,Chadalath B.O,Kerala,11.6333,75.6333
IN/673593,Nallarchal B.O,Kerala,11.6333,75.6333
IN/673595,Nambiarkunnu B.O,Kerala,11.6333,75.6333
IN/673601,Calicut Reg Engg College,Kerala,11.4667,75.8
IN/673612,Balusseri,Kerala,11.45,75.8333
IN/673613,Nanminda,Kerala,11.4667,75.8
IN/673614,Oravil B.O,Kerala,11.4833,75.7667
IN/673616,Irivallur B.O,Kerala,11.4667,75.8
IN/673617,Makkada Edso,Kerala,11.4667,75.8
IN/673620,Urallur B.O,Kerala,11.4667,75.8
IN/673631,Faroke,Kerala,11.4667,75.8
IN/673632,Farook College,Kerala,11.4667,75.8
IN/673633,Ramanattukara,Kerala,11.4667,75.8
IN/673635,Calicut University,Kerala,11.4667,75.8
IN/673636,Tenhipalam,Kerala,11.4667,75.8
IN/673638,Olavattur B.O,Kerala,11.4667,75.8
IN/673639,Urangattiri B.O,Kerala,11.4667,75.8
IN/673640,Omanur B.O,Kerala,11.4667,75.8
IN/673641,Tavanur Feroke B.O,Kerala,11.4667,75.8
IN/673642,Olukkur B.O,Kerala,11.4667,75.8
IN/676102,Bettathu Pudiyangadi,Kerala,11.075,76.125
IN/676103,Iringavu B.O,Kerala,11.075,76.125
IN/676105,Pachattiri B.O,Kerala,11.075,76.125
IN/676121,Kadambode Edso,Kerala,11.075,76.125
IN/676302,Tanur Malabar,Kerala,11.075,76.125
IN/676303,Ullanam B.O,Kerala,11.075,76.125
IN/676304,Iringallur Kottakkal B.O,Kerala,11.075,76.125
IN/676305,Abdulrahman Nagar,Kerala,11.075,76.125
IN/676306,Olalakkara B.O,Kerala,11.075,76.125
IN/676307,Tanalur,Kerala,11.075,76.125
IN/676320,Tayyalingal,Kerala,11.075,76.125
IN/676501,Edarikode,Kerala,11.075,76.125
IN/676503,Indianur B.O,Kerala,11.075,76.125
IN/676504,Chattiparamba B.O,Kerala,11.075,76.125
IN/676506,Padinhattumuri B.O,Kerala,11.075,76.125
IN/676507,Makkaraparamba,Kerala,11.075,76.125
IN/676510,Randathani,Kerala,11.075,76.125
IN/676513,Irimbuzhi Edso,Kerala,11.075,76.125
IN/676515,Oorakam Keezhmuri Edso,Kerala,11.075,76.125
IN/676519,Hajiarpalli B.O,Kerala,11.075,76.125
IN/676522,Edayur North B.O,Kerala,11.075,76.125
IN/676523,Iringatteri B.O,Kerala,11.075,76.125
IN/676528,Othukungal,Kerala,11.075,76.125
IN/676541,Edavanna,Kerala,11.2167,76.15
IN/676542,Vadapuram B.O,Kerala,11.2167,76.15
IN/676552,Vadakkumbram B.O,Kerala,10.9333,76.1
IN/676553,Kadampuzha,Kerala,10.9333,76.1
IN/676554,Edayur,Kerala,10.9333,76.1
IN/676562,Padinjarekara B.O Kutayi,Kerala,11.075,76.125
IN/678002,Olavakot,Kerala,10.7278,76.5944
IN/678005,Kadukkaakunnu B.O,Kerala,10.7278,76.5944
IN/678009,Dhoni B.O,Kerala,10.7278,76.5944
IN/678010,Sekahripuram,Kerala,10.7278,76.5944
IN/678012,Vadakkanthara,Kerala,10.7278,76.5944
IN/678102,Tattamangalam,Kerala,10.6833,76.7333
IN/678504,Vadavanur,Kerala,10.4833,76.7
IN/678507,Govindapuram B.O,Kerala,10.4833,76.7
IN/678509,Padagiri,Kerala,10.4833,76.7
IN/678511,Sitharkunda B.O,Kerala,10.4833,76.7
IN/678547,Tarur Edso,Kerala,10.4833,76.7
IN/678548,Padur Kavassery Edso,Kerala,10.4833,76.7
IN/678551,Olasseri B.O,Kerala,10.4833,76.7
IN/678553,Nallepilly,Kerala,10.4833,76.7
IN/678555,Ramavarmapuram Pudur B.O.,Kerala,10.4833,76.7
IN/678556,Eduppukulam B.O,Kerala,10.4833,76.7
IN/678557,Olalapadi B.O,Kerala,10.4833,76.7
IN/678571,Tachangad B.O,Kerala,10.4833,76.7
IN/678574,Naduvathupara B.O,Kerala,10.4833,76.7
IN/678575,Nannamukku,Kerala,10.4833,76.7
IN/678581,Agali,Kerala,10.4833,76.7
IN/678582,Jellipara B.O,Kerala,10.4833,76.7
IN/678592,Nambullipara B.O,Kerala,10.4833,76.7
IN/678593,Tachampara,Kerala,10.4833,76.7
IN/678601,Uppukulam B.O,Kerala,11.0167,76.35
IN/678611,Edathara,Kerala,11.0167,76.35
IN/678616,Tenur Edso,Kerala,11.0167,76.35
IN/678622,Tenari B.O,Kerala,11.0167,76.35
IN/678624,Walayar Dam,Kerala,11.0167,76.35
IN/678632,Ummanazhi B.O,Kerala,11.0167,76.35
IN/678641,Thadukkasseri B.O,Kerala,11.0167,76.35
IN/678642,Nagaripuram B.O,Kerala,11.0167,76.35
IN/678651,Malampuzha Dam,Kerala,11.0167,76.35
IN/678702,Olive Mount B.O,Kerala,10.7278,76.5944
IN/678706,Olinkadavu B.O,Kerala,10.7278,76.5944
IN/679106,South Kondazhi B.O,Kerala,10.975,76.3333
IN/679121,Shornaur,Kerala,10.975,76.3333
IN/679122,Shoranur Govt.Press,Kerala,10.975,76.3333
IN/679123,Ganeshgiri,Kerala,10.975,76.3333
IN/679124,Vadanamkurissi Edso,Kerala,10.975,76.3333
IN/679301,Lakkidi,Kerala,10.75,76.4333
IN/679302,Akalur B.O,Kerala,10.75,76.4333
IN/679303,Sankaramangalam B.O,Kerala,10.75,76.4333
IN/679308,Naduvattom,Kerala,10.75,76.4333
IN/679322,Talekode B.O,Kerala,11.2,76.2333
IN/679324,Kadannamanna B.O,Kerala,11.2,76.2333
IN/679325,Tachingandam B.O,Kerala,11.2,76.2333
IN/679326,Edayattur B.O,Kerala,11.2,76.2333
IN/679328,Wandoor,Kerala,11.2,76.2333
IN/679329,Edavanna B.O,Kerala,11.2,76.2333
IN/679330,Ramankuth B.O,Kerala,10.975,76.3333
IN/679333,Nambooripotti B.O,Kerala,10.975,76.3333
IN/679334,Padiripadam B.O,Kerala,10.975,76.3333
IN/679335,Irimbalasseri B.O,Kerala,10.975,76.3333
IN/679339,Vadakkumpadam B.O,Kerala,10.975,76.3333
IN/679342,Chandakunnu Edso,Kerala,10.975,76.3333
IN/679350,Ramapuram Edso,Kerala,10.975,76.3333
IN/679352,Talekode West Edso,Kerala,10.975,76.3333
IN/679354,Uppada Edso,Kerala,10.975,76.3333
IN/679501,Taruvakoanam B.O,Kerala,10.975,76.3333
IN/679503,Adakkaputhur B.O,Kerala,10.975,76.3333
IN/679505,Chalavara,Kerala,10.975,76.3333
IN/679515,Kadambur Pgt,Kerala,10.975,76.3333
IN/679531,Painkulam B.O,Kerala,10.975,76.3333
IN/679532,Desamangalam,Kerala,10.975,76.3333
IN/679533,Nagalasseri B.O,Kerala,10.975,76.3333
IN/679534,Mala Palaghat B.O,Kerala,10.975,76.3333
IN/679535,Chaliyattiri B.O,Kerala,10.975,76.3333
IN/679536,Chalisseri,Kerala,10.975,76.3333
IN/679537,Chathannur Edso,Kerala,10.975,76.3333
IN/679538,Thalakkasserri Edso,Kerala,10.975,76.3333
IN/679553,Malamalkavu B.O,Kerala,10.975,76.3333
IN/679562,Vadakkekad,Kerala,10.975,76.3333
IN/679572,Irimbiliyam,Kerala,10.975,76.3333
IN/679573,Tavanur,Kerala,10.975,76.3333
IN/679575,Nannamukku South B.O,Kerala,10.975,76.3333
IN/679579,Gramam B.O,Kerala,10.975,76.3333
IN/679582,Kadancherri Edso,Kerala,10.975,76.3333
IN/679586,Kadavanad B.O,Kerala,10.975,76.3333
IN/679589,Biyyam Edso,Kerala,10.975,76.3333
IN/679591,Othalur West B.O,Kerala,10.975,76.3333
IN/679592,Naduvattom Edso,Kerala,10.975,76.3333
IN/680004,West Fort B.O,Kerala,10.4267,76.2167
IN/680007,Vadukara B.O,Kerala,10.4267,76.2167
IN/680101,Guruvayur,Kerala,10.6,76.05
IN/680103,Iringapuram B.O,Kerala,10.6,76.05
IN/680104,Thaikkad,Kerala,10.6,76.05
IN/680121,Irinjalakuda,Kerala,10.3333,76.2333
IN/680122,Edathirinji,Kerala,10.3333,76.2333
IN/680125,Irinjalakuda North,Kerala,10.3333,76.2333
IN/680301,Nandikkara B.O,Kerala,10.3833,76.2917
IN/680302,Alagappa Nagar,Kerala,10.3833,76.2917
IN/680306,Ollur,Kerala,10.4667,76.2333
IN/680307,Chalakudi,Kerala,10.3,76.35
IN/680308,Nalukettu B.O,Kerala,10.3833,76.2917
IN/680312,Inchakundu B.O,Kerala,10.3833,76.2917
IN/680319,Nandipulam Edso,Kerala,10.3833,76.2917
IN/680501,Thalakottukara B.O,Kerala,10.4333,76.2167
IN/680503,Akathiyoor Edso,Kerala,10.4333,76.2167
IN/680506,Blangad B.O,Kerala,10.4333,76.2167
IN/680512,Madu B.O,Kerala,10.4333,76.2167
IN/680514,Kadappuram,Kerala,10.4333,76.2167
IN/680518,Agalad,Kerala,10.4333,76.2167
IN/680519,Akkikavu B.O,Kerala,10.4333,76.2167
IN/680522,Chakkumkandam B.O,Kerala,10.4333,76.2167
IN/680524,Padoor Chavakkad,Kerala,10.4333,76.2167
IN/680543,Kadavallur,Kerala,10.4333,76.2167
IN/680554,Adat,Kerala,10.4333,76.2167
IN/680562,Urakam,Kerala,10.4333,76.2167
IN/680569,Edasseri B.O,Kerala,10.4333,76.2167
IN/680570,Vadakkumuri,Kerala,10.4333,76.2167
IN/680582,Vadakancherry(Tcr),Kerala,10.4333,76.2167
IN/680585,Tali B.O,Kerala,10.4333,76.2167
IN/680587,Vadakethara B.O,Kerala,10.4333,76.2167
IN/680602,Nambazhikad B.O,Kerala,10.4267,76.2167
IN/680614,Naduvilkara B.O,Kerala,10.4267,76.2167
IN/680623,Vadakancherry R.S,Kerala,10.4267,76.2167
IN/680631,Ramavarmapuram,Kerala,10.4267,76.2167
IN/680651,Madakkathara B.O,Kerala,10.4267,76.2167
IN/680655,Ollukara,Kerala,10.4267,76.2167
IN/680661,Nadavaramba,Kerala,10.4267,76.2167
IN/680666,Madavana B.O,Kerala,10.4267,76.2167
IN/680668,Santhipuram B.O,Kerala,10.4267,76.2167
IN/680671,Padinjare Vemballur B.O,Kerala,10.4267,76.2167
IN/680681,Chalingad B.O,Kerala,10.4267,76.2167
IN/680686,Chakkarapadam B.O,Kerala,10.4267,76.2167
IN/680687,Chamakkala B.O,Kerala,10.4267,76.2167
IN/680695,Padiyam B.O,Kerala,10.4267,76.2167
IN/680699,Pady,Kerala,10.4267,76.2167
IN/680703,Edathuruthi,Kerala,10.4267,76.2167
IN/680712,Madayikkonam,Kerala,10.4267,76.2167
IN/680721,Chattikulam B.O,Kerala,10.4267,76.2167
IN/680724,Malakkappara,Kerala,10.4267,76.2167
IN/680732,Mala Thrisur,Kerala,10.4267,76.2167
IN/680733,Madathumpady B.O,Kerala,10.4267,76.2167
IN/680734,Iranikulam B.O,Kerala,10.4267,76.2167
IN/680736,Vadama Edso,Kerala,10.4267,76.2167
IN/680751,Nadathara,Kerala,10.4267,76.2167
IN/682008,Sotuh Chellanam B.O,Kerala,10.0333,76.3
IN/682011,Banerji Road,Kerala,10.0333,76.3
IN/682012,Pachalam,Kerala,10.0333,76.3
IN/682014,Tatapuram,Kerala,10.0333,76.3
IN/682020,Kadavanthara,Kerala,10.0333,76.3
IN/682021,Bharatha Matha College,Kerala,10.0333,76.3
IN/682023,Vaduthala,Kerala,10.0333,76.3
IN/682024,Edapally,Kerala,10.0333,76.3
IN/682027,Kadamakudi B.O,Kerala,10.0333,76.3
IN/682031,Shanmughom Road,Kerala,10.0333,76.3
IN/682307,Udayamperoor,Kerala,10.0333,76.3
IN/682308,Vadayampadi B.O,Kerala,10.0333,76.3
IN/682309,Irmpanam,Kerala,10.0333,76.3
IN/682310,Vadavucode,Kerala,10.0333,76.3
IN/682311,Kadackanad B.O,Kerala,10.0333,76.3
IN/682314,Paingarapally B.O,Kerala,10.0333,76.3
IN/682320,South Paravoor Edso,Kerala,10.0333,76.3
IN/682502,Edavanakad,Kerala,10.0333,76.3
IN/682508,Ochanathuruthu,Kerala,10.0333,76.3
IN/682552,Kadamat,Kerala,10.0333,76.3
IN/682553,Agathi,Kerala,10.0333,76.3
IN/682555,Bitra B.O,Kerala,10.0333,76.3
IN/682556,Kadarmath (Lak),Lakshadweep,10.0333,76.3
IN/682557,Kalpenthi (Lak),Lakshadweep,10.0333,76.3
IN/682558,Kiltan (Lak),Lakshadweep,10.0333,76.3
IN/682559,Minicoy (Lak),Lakshadweep,10.0333,76.3
IN/683102,Union Christian College,Kerala,10.2762,76.2548
IN/683103,Desom B.O,Kerala,10.2762,76.2548
IN/683104,Rajagiri Edso,Kerala,10.2762,76.2548
IN/683106,Thaikkattukara,Kerala,10.2762,76.2548
IN/683108,Uliyannur B.O,Kerala,10.2762,76.2548
IN/683501,Udyogamandal,Kerala,10.2762,76.2548
IN/683502,Binanipuram,Kerala,10.2762,76.2548
IN/683503,H M T Colony,Kerala,10.2762,76.2548
IN/683511,Alangad,Kerala,10.2762,76.2548
IN/683521,Vadakkumpuram,Kerala,10.2762,76.2548
IN/683522,Vadakkekara,Kerala,10.2762,76.2548
IN/683523,Gothuruthy Edso,Kerala,10.2762,76.2548
IN/683541,Airapuram B.O,Kerala,10.2762,76.2548
IN/683543,Rayonpuram,Kerala,10.2762,76.2548
IN/683544,Edavoor B.O,Kerala,10.2762,76.2548
IN/683545,Rayamangalam B.O,Kerala,10.2762,76.2548
IN/683548,Iringole,Kerala,10.2762,76.2548
IN/683549,Vaikara B.O,Kerala,10.2762,76.2548
IN/683550,Okkal,Kerala,10.2762,76.2548
IN/683561,Edathala,Kerala,10.2762,76.2548
IN/683564,Edathala North,Kerala,10.2762,76.2548
IN/683577,Thabore B.O,Kerala,10.2762,76.2548
IN/683578,South Advassey B.O,Kerala,10.2762,76.2548
IN/683579,Airoor B.O,Kerala,10.2762,76.2548
IN/683582,Paduvapuram B.O,Kerala,10.2762,76.2548
IN/685501,Hailey Buria B.O,Kerala,10.2762,76.2548
IN/685503,Vagamon,Kerala,10.2762,76.2548
IN/685504,Fairfield,Kerala,10.2762,76.2548
IN/685505,Upputhara,Kerala,10.2762,76.2548
IN/685509,Chakkuppallam B.O,Kerala,10.2762,76.2548
IN/685510,Uppukandam,Kerala,10.2762,76.2548
IN/685515,Kadamakuzhi B.O,Kerala,10.2762,76.2548
IN/685531,Lakshmicoil B.O,Kerala,10.2762,76.2548
IN/685533,Wallardie B.O,Kerala,10.2762,76.2548
IN/685535,Sasthanoda B.O,Kerala,10.2762,76.2548
IN/685551,Rajakandam B.O,Kerala,10.2762,76.2548
IN/685552,Balagram B.O,Kerala,10.2762,76.2548
IN/685553,Pachady B.O,Kerala,10.2762,76.2548
IN/685554,Udumbanchola,Kerala,10.2762,76.2548
IN/685561,Adimaly,Kerala,10.2762,76.2548
IN/685562,South Kathipara B.O,Kerala,10.2762,76.2548
IN/685563,Seliampara B.O,Kerala,10.2762,76.2548
IN/685565,Josegiri B.O,Kerala,10.2762,76.2548
IN/685566,N.R.City B.O,Kerala,10.2762,76.2548
IN/685582,West Kodikulam B.O,Kerala,10.2762,76.2548
IN/685584,Mailacombu B.O,Kerala,10.2762,76.2548
IN/685586,Vadakkumuri B.O,Kerala,10.2762,76.2548
IN/685588,Devarupara B.O,Kerala,10.2762,76.2548
IN/685589,Ilapilly B.O,Kerala,10.2762,76.2548
IN/685590,Adoormala B.O,Kerala,10.2762,76.2548
IN/685595,Udumbannur Edso,Kerala,10.2762,76.2548
IN/685602,Rajapuram B.O,Kerala,10.2762,76.2548
IN/685603,Idukki Painavu,Kerala,10.2762,76.2548
IN/685612,Gudarale B.O,Kerala,10.2762,76.2548
IN/685613,Devicolam,Kerala,10.2762,76.2548
IN/685614,Talliar,Kerala,10.2762,76.2548
IN/685617,Sethuparvathipuram,Kerala,10.2762,76.2548
IN/685619,Senapathy B.O,Kerala,10.2762,76.2548
IN/685620,Sahayagiri B.O,Kerala,10.2762,76.2548
IN/686008,Gandhi Nagar Kottayam,Kerala,9.7667,76.4
IN/686009,Rubber Board,Kerala,9.7667,76.4
IN/686010,Vadavathoor,Kerala,9.7667,76.4
IN/686012,Pakkil,Kerala,9.7667,76.4
IN/686014,Olassa,Kerala,9.7667,76.4
IN/686038,Devalokom Edso,Kerala,9.7667,76.4
IN/686103,Ruby Nagar B.O,Kerala,9.7667,76.4
IN/686124,Nadackal,Kerala,9.7667,76.4
IN/686141,Vaikom,Kerala,9.7667,76.4
IN/686142,Vaikom Thekkenada,Kerala,9.7667,76.4
IN/686143,Akkarapadam B.O,Kerala,9.7667,76.4
IN/686502,Lakkattoor B.O,Kerala,9.7667,76.4
IN/686510,Chathanthara B.O,Kerala,9.7667,76.4
IN/686512,Inchiyani B.O,Kerala,9.7667,76.4
IN/686513,Rajendraprasad Colony B.O,Kerala,9.7667,76.4
IN/686514,Wembly B.O,Kerala,9.7667,76.4
IN/686517,Chakompathai,Kerala,9.7667,76.4
IN/686532,Sachivothamapuram,Kerala,9.7667,76.4
IN/686534,Eara North B.O,Kerala,9.7667,76.4
IN/686538,Nalumnakkal B.O,Kerala,9.7667,76.4
IN/686539,Umbidi B.O,Kerala,9.7667,76.4
IN/686540,Champakara B.O,Kerala,9.7667,76.4
IN/686541,Edayirkkapuzha B.O,Kerala,9.7667,76.4
IN/686545,Santhipuram B.O,Kerala,9.7667,76.4
IN/686546,Madappally,Kerala,9.7667,76.4
IN/686548,Nalukody,Kerala,9.7667,76.4
IN/686550,Kadayanikad Edso,Kerala,9.7667,76.4
IN/686552,Malakunnam Esdo,Kerala,9.7667,76.4
IN/686555,Devagiri,Kerala,9.7667,76.4
IN/686564,Paduva B.O,Kerala,9.7667,76.4
IN/686571,Kadaplamattom,Kerala,9.7667,76.4
IN/686574,Chakampuzha B.O,Kerala,9.7667,76.4
IN/686576,Ramapuram Bazar,Kerala,9.7667,76.4
IN/686577,Madukkakunnu B.O,Kerala,9.7667,76.4
IN/686578,Bharanaganam,Kerala,9.7667,76.4
IN/686580,Thalanad,Kerala,9.7667,76.4
IN/686582,Adivaram,Kerala,9.7667,76.4
IN/686588,Idamattom Edso,Kerala,9.7667,76.4
IN/686591,Ramapuram Edso,Kerala,9.7667,76.4
IN/686602,Onamthuruthu B.O,Kerala,9.7667,76.4
IN/686603,Chamakala B.O,Kerala,9.7667,76.4
IN/686605,Vadayar B.O,Kerala,9.7667,76.4
IN/686612,Vadakkenirappu B.O,Kerala,9.7667,76.4
IN/686635,Kadukachira B.O,Kerala,9.7667,76.4
IN/686642,Pakalomattom,Kerala,9.7667,76.4
IN/686651,Ullanad B.O,Kerala,9.7667,76.4
IN/686653,Kadanad Meenachil,Kerala,9.7667,76.4
IN/686662,Edayar B.O,Kerala,9.7667,76.4
IN/686663,Ramangalam,Kerala,9.7667,76.4
IN/686667,Onakkoor B.O,Kerala,9.7667,76.4
IN/686668,Nagapuzha B.O,Kerala,9.7667,76.4
IN/686670,Madakkathanam B.O,Kerala,9.7667,76.4
IN/686671,Kadavoor B.O,Kerala,9.7667,76.4
IN/686673,Randar B.O,Kerala,9.7667,76.4
IN/686679,Oliyapuram Edso,Kerala,9.7667,76.4
IN/686691,Nadukani B.O,Kerala,9.7667,76.4
IN/686693,Thalacode Kgm B.O,Kerala,9.7667,76.4
IN/686694,Vadattupara B.O,Kerala,9.7667,76.4
IN/686730,Ooramana,Kerala,9.7667,76.4
IN/688003,Vadackal B.O,Kerala,10.2762,76.2548
IN/688505,Champakulam,Kerala,10.2762,76.2548
IN/688511,Chathurthiakary Edso,Kerala,10.2762,76.2548
IN/688523,Sethulekshmipuram,Kerala,10.2762,76.2548
IN/688526,Olavaipu B.O,Kerala,10.2762,76.2548
IN/688529,Kadakkarapally,Kerala,10.2762,76.2548
IN/688535,Vaduthala Jetty B.O,Kerala,10.2762,76.2548
IN/688537,Iramallur,Kerala,10.2762,76.2548
IN/688547,Chandiroor Edso,Kerala,10.2762,76.2548
IN/688554,Thaickal Edso,Kerala,10.2762,76.2548
IN/688559,Naduvathunagar Edso,Kerala,10.2762,76.2548
IN/688561,Illichira B.O,Kerala,10.2762,76.2548
IN/688562,Thakazhy,Kerala,10.2762,76.2548
IN/689113,Alamthuruthi B.O,Kerala,10.2762,76.2548
IN/689126,Ala,Kerala,10.2762,76.2548
IN/689503,Ulanad B.O,Kerala,10.2762,76.2548
IN/689510,Bhudhanoor B.O,Kerala,10.2762,76.2548
IN/689532,Edayaranmula,Kerala,10.2762,76.2548
IN/689533,Nalkalikal Edso,Kerala,10.2762,76.2548
IN/689543,Madathumbhagom North B.O,Kerala,10.2762,76.2548
IN/689544,Paduthode B.O,Kerala,10.2762,76.2548
IN/689545,Thadiyoor,Kerala,10.2762,76.2548
IN/689546,Othara,Kerala,10.2762,76.2548
IN/689547,Kadapra Kumbanad Edso,Kerala,10.2762,76.2548
IN/689551,Othara West,Kerala,10.2762,76.2548
IN/689573,Edathua,Kerala,10.2762,76.2548
IN/689586,Chalapally B.O,Kerala,10.2762,76.2548
IN/689587,Padimon B.O,Kerala,10.2762,76.2548
IN/689588,Vaipur,Kerala,10.2762,76.2548
IN/689595,Rmankary,Kerala,10.2762,76.2548
IN/689603,Kadamankulam Edso,Kerala,10.2762,76.2548
IN/689614,Edappavur B.O,Kerala,10.2762,76.2548
IN/689621,Vadakkumbhagom B.O,Kerala,10.2762,76.2548
IN/689630,Kadapra Mannar Edso,Kerala,10.2762,76.2548
IN/689647,Oonukal Quilon B.O,Kerala,10.2762,76.2548
IN/689648,Chandanapally Edso,Kerala,10.2762,76.2548
IN/689649,Kadammanitta,Kerala,10.2762,76.2548
IN/689662,Vadasserikara,Kerala,10.2762,76.2548
IN/689664,Thalachira Eram B.O,Kerala,10.2762,76.2548
IN/689665,Madamon Edso,Kerala,10.2762,76.2548
IN/689667,Seethathode,Kerala,10.2762,76.2548
IN/689672,Ranny,Kerala,10.2762,76.2548
IN/689673,Ranny Pazhavangadi,Kerala,10.2762,76.2548
IN/689674,Oonakkavu B.O,Kerala,10.2762,76.2548
IN/689676,Makkapuzha,Kerala,10.2762,76.2548
IN/689681,Ranny Edamon Edso,Kerala,10.2762,76.2548
IN/689692,Adumpankulam B.O,Kerala,10.2762,76.2548
IN/689703,Illakollur Edso,Kerala,10.2762,76.2548
IN/689711,Adichipuzha B.O,Kerala,10.2762,76.2548
IN/689713,Sabarimala,Kerala,10.2762,76.2548
IN/690503,Illippakulam B.O,Kerala,9.3,76.4667
IN/690505,Vadaraplavu B.O,Kerala,9.3,76.4667
IN/690510,Olattiambalam,Kerala,9.3,76.4667
IN/690512,Naduvattom B.O Pallippad,Kerala,9.3,76.4667
IN/690513,Akamkudi B.O,Kerala,9.3,76.4667
IN/690514,Haripad,Kerala,9.3,76.4667
IN/690521,Sasthamcottah,Kerala,9.3,76.4667
IN/690522,Sooranad,Kerala,9.3,76.4667
IN/690523,Kadathur Ward B.O,Kerala,9.3,76.4667
IN/690524,Padinjattekara,Kerala,9.3,76.4667
IN/690526,Madathilkaranma B.O,Kerala,9.3,76.4667
IN/690527,Govindamuttam B.O,Kerala,9.3,76.4667
IN/690529,Padanilam,Kerala,9.3,76.4667
IN/690536,Vadakkumthala East,Kerala,9.3,76.4667
IN/690541,Bharanicavu Edso,Kerala,9.3,76.4667
IN/690555,Mahadevicaud Edso,Kerala,9.3,76.4667
IN/690561,Soornad North,Kerala,9.3,76.4667
IN/690573,S.V Market B.O,Kerala,9.3,76.4667
IN/691005,T.K.M.College,Kerala,8.8333,76.9167
IN/691008,Kadappakada,Kerala,8.8333,76.9167
IN/691010,Vadakkevila,Kerala,8.8333,76.9167
IN/691014,Chandanathope,Kerala,8.8333,76.9167
IN/691019,Uliyakovil,Kerala,8.8333,76.9167
IN/691302,Bhoothakulam,Kerala,8.8333,76.9167
IN/691305,Shaliacary Estatate B.O,Kerala,8.8333,76.9167
IN/691306,Vadamon B.O,Kerala,8.8333,76.9167
IN/691309,Edapalayam B.O,Kerala,8.8333,76.9167
IN/691310,Dally B.O,Kerala,8.8333,76.9167
IN/691312,Kadamancode B.O,Kerala,8.8333,76.9167
IN/691329,Urukunnu Esdo,Kerala,8.8333,76.9167
IN/691330,Bharatheepuram Edso,Kerala,8.8333,76.9167
IN/691500,West Kallada,Kerala,8.8333,76.9167
IN/691502,East Kallada,Kerala,8.8333,76.9167
IN/691503,Padappakkara B.O,Kerala,8.8333,76.9167
IN/691505,Kadakkode B.O,Kerala,8.8333,76.9167
IN/691508,Chakkuvarakkal B.O,Kerala,8.8333,76.9167
IN/691510,Akkal B.O,Kerala,8.8333,76.9167
IN/691512,Odanavattom,Kerala,8.8333,76.9167
IN/691515,Nallila,Kerala,8.8333,76.9167
IN/691523,Adur Kla,Kerala,8.8333,76.9167
IN/691529,Vadakkadathukavu Jn.Edso,Kerala,8.8333,76.9167
IN/691534,Chadayamangalam,Kerala,8.8333,76.9167
IN/691536,Kadakkal,Kerala,8.8333,76.9167
IN/691537,Mailode B.O,Kerala,8.8333,76.9167
IN/691539,Illamadu Edso,Kerala,8.8333,76.9167
IN/691541,Madathara,Kerala,8.8333,76.9167
IN/691546,Thalachira Edso,Kerala,8.8333,76.9167
IN/691547,Ummannur Edso,Kerala,8.8333,76.9167
IN/691551,Sadanandapuram Edso,Kerala,8.8333,76.9167
IN/691552,Kadambanad,Kerala,8.8333,76.9167
IN/691553,Kadambanad South,Kerala,8.8333,76.9167
IN/691555,Edathitta B.O,Kerala,8.8333,76.9167
IN/691560,Mailom B.O,Kerala,8.8333,76.9167
IN/691572,Chathannur,Kerala,8.8333,76.9167
IN/691573,Adichanallur,Kerala,8.8333,76.9167
IN/691577,Decent Jn B.O,Kerala,8.8333,76.9167
IN/691579,Aduthala B.O,Kerala,8.8333,76.9167
IN/691581,Sakthikulangara,Kerala,8.8333,76.9167
IN/691583,Edapallicotta B.O,Kerala,8.8333,76.9167
IN/691584,Vadakkumbhagam B.O,Kerala,8.8333,76.9167
IN/691589,Umayanallur Ind Estate,Kerala,8.8333,76.9167
IN/691601,Inchavila B.O,Kerala,8.8333,76.9167
IN/695004,Goureesapattam B.O,Kerala,8.4333,77.05
IN/695005,Oolampara B.O,Kerala,8.4333,77.05
IN/695010,Sasthamangalam,Kerala,8.4333,77.05
IN/695011,Ulloor B.O,Kerala,8.4333,77.05
IN/695013,Kachani B.O,Kerala,8.4333,77.05
IN/695015,Nalanchira,Kerala,8.4333,77.05
IN/695019,Industrial Estate Tvm,Kerala,8.4333,77.05
IN/695020,Ookode B.O,Kerala,8.4333,77.05
IN/695027,Pachallur Edso,Kerala,8.4333,77.05
IN/695038,P.T.P Nagar,Kerala,8.4333,77.05
IN/695041,Jawahar Nagar,Kerala,8.4333,77.05
IN/695102,Alamcode,Kerala,8.4333,77.05
IN/695103,Ilamba Edso,Kerala,8.4333,77.05
IN/695104,Oorupoika B.O,Kerala,8.4333,77.05
IN/695122,Chaikottukonam B.O,Kerala,8.4333,77.05
IN/695125,Dalmugham B.O,Kerala,8.4333,77.05
IN/695133,Olathanni B.O,Kerala,8.4333,77.05
IN/695143,Vadasserikonam,Kerala,8.4333,77.05
IN/695305,Sasthavattom B.O,Kerala,8.4333,77.05
IN/695306,Kadakkavur,Kerala,8.4333,77.05
IN/695310,Haritharapuram B.O,Kerala,8.4333,77.05
IN/695311,Edava,Kerala,8.4333,77.05
IN/695323,Badaje B.O,Kerala,8.4333,77.05
IN/695501,Balaramapuram,Kerala,8.4333,77.05
IN/695503,Dhanuvachapuram,Kerala,8.4333,77.05
IN/695506,Uchakada,Kerala,8.4333,77.05
IN/695507,Ooruttambalam,Kerala,8.4333,77.05
IN/695526,Lourdupuram B.O,Kerala,8.4333,77.05
IN/695543,Uriakode B.O,Kerala,8.4333,77.05
IN/695551,Bonaccord Edso,Kerala,8.4333,77.05
IN/695561,Irinava B.O,Kerala,8.4333,77.05
IN/695562,Pacha,Kerala,8.4333,77.05
IN/695563,Idinjar B.O,Kerala,8.4333,77.05
IN/695571,Machel B.O,Kerala,8.4333,77.05
IN/695581,Irinchayam B.O,Kerala,8.4333,77.05
IN/695585,Sainik School,Kerala,8.4333,77.05
IN/695602,Malakkal B.O,Kerala,8.4333,77.05
IN/695604,Pakalkuri B.O,Kerala,8.4333,77.05
IN/695614,Adayamon B.O,Kerala,8.4333,77.05
IN/695616,Bharathannur,Kerala,8.4333,77.05
IN/670014,Chalad,Kerala,12.05,75.2667
